1Name;2N;3E;4D;5E;6F;dgdfg
1Name;2N;3E;4D;5E;6F;dgdfg
3.0;4.0;3.0;2.0;3.0;1.0;
4;5;4;10;4;1;1233
5.0;6.0;5.0;12.0;5.0;4.0;
12.0;30.0;2.0;10.0;2.0;1.0;
3.0;4.0;3.0;2.0;3.0;1.0;
4.0;5.0;4.0;10.0;4.0;1.0;
5.0;6.0;5.0;12.0;5.0;4.0;
12.0;30.0;2.0;10.0;2.0;1.0;
3.0;4.0;3.0;2.0;3.0;1.0;
4;5;4;10;4;1;
5;6;5;12;5;4;
6;7;6;18;6;5;
7;8;7;24;7;6;
8;9;8;30;8;7;
9;10;9;36;9;8;
10;11;10;42;10;9;
11;12;11;48;11;10;
12;13;12;54;12;11;
13;14;13;60;13;12;
14;15;14;66;14;13;
15;16;15;72;15;14;
16;17;16;78;16;15;
17;18;17;84;17;16;
18;19;18;90;18;17;
19;20;19;96;19;18;
20;21;20;102;20;19;
21;22;21;108;21;20;
22;23;22;114;22;21;
23;24;23;120;23;22;
24;25;24;126;24;23;
25;26;25;132;25;24;
26;27;26;138;26;25;
27;28;27;144;27;26;
28;29;28;150;28;27;
29;30;29;156;29;28;
30;31;30;162;30;29;
31;32;31;168;31;30;
32;33;32;174;32;31;
33;34;33;180;33;32;
34;35;34;186;34;33;
35;36;35;192;35;34;
36;37;36;198;36;35;
37;38;37;204;37;36;
38;39;38;210;38;37;
39;40;39;216;39;38;
40;41;40;222;40;39;
41;42;41;228;41;40;
42;43;42;234;42;41;
43;44;43;240;43;42;
44;45;44;246;44;43;
45;46;45;252;45;44;
46;47;46;258;46;45;
47;48;47;264;47;46;
48;49;48;270;48;47;
49;50;49;276;49;48;
50;51;50;282;50;49;
51;52;51;288;51;50;
52;53;52;294;52;51;
53;54;53;300;53;52;
54;55;54;306;54;53;
55;56;55;312;55;54;
56;57;56;318;56;55;
57;58;57;324;57;56;
58;59;58;330;58;57;
59;60;59;336;59;58;
60;61;60;342;60;59;
61;62;61;348;61;60;
62;63;62;354;62;61;
63;64;63;360;63;62;
64;65;64;366;64;63;
65;66;65;372;65;64;
66;67;66;378;66;65;
67;68;67;384;67;66;
68;69;68;390;68;67;
69;70;69;396;69;68;
70;71;70;402;70;69;
71;72;71;408;71;70;
72;73;72;414;72;71;
73;74;73;420;73;72;
74;75;74;426;74;73;
75;76;75;432;75;74;
76;77;76;438;76;75;
77;78;77;444;77;76;
78;79;78;450;78;77;
79;80;79;456;79;78;
80;81;80;462;80;79;
81;82;81;468;81;80;
82;83;82;474;82;81;
83;84;83;480;83;82;
84;85;84;486;84;83;
85;86;85;492;85;84;
86;87;86;498;86;85;
87;88;87;504;87;86;
88;89;88;510;88;87;
89;90;89;516;89;88;
90;91;90;522;90;89;
91;92;91;528;91;90;
92;93;92;534;92;91;
93;94;93;540;93;92;
94;95;94;546;94;93;
95;96;95;552;95;94;
96;97;96;558;96;95;
97;98;97;564;97;96;
98;99;98;570;98;97;
99;100;99;576;99;98;
100;101;100;582;100;99;
101;102;101;588;101;100;
102;103;102;594;102;101;
103;104;103;600;103;102;
104;105;104;606;104;103;
105;106;105;612;105;104;
106;107;106;618;106;105;
107;108;107;624;107;106;
108;109;108;630;108;107;
109;110;109;636;109;108;
110;111;110;642;110;109;
111;112;111;648;111;110;
112;113;112;654;112;111;
113;114;113;660;113;112;
114;115;114;666;114;113;
115;116;115;672;115;114;
116;117;116;678;116;115;
117;118;117;684;117;116;
118;119;118;690;118;117;
119;120;119;696;119;118;
120;121;120;702;120;119;
121;122;121;708;121;120;
122;123;122;714;122;121;
123;124;123;720;123;122;
124;125;124;726;124;123;
125;126;125;732;125;124;
126;127;126;738;126;125;
127;128;127;744;127;126;
128;129;128;750;128;127;
129;130;129;756;129;128;
130;131;130;762;130;129;
131;132;131;768;131;130;
132;133;132;774;132;131;
133;134;133;780;133;132;
134;135;134;786;134;133;
135;136;135;792;135;134;
136;137;136;798;136;135;
137;138;137;804;137;136;
138;139;138;810;138;137;
139;140;139;816;139;138;
140;141;140;822;140;139;
141;142;141;828;141;140;
142;143;142;834;142;141;
143;144;143;840;143;142;
144;145;144;846;144;143;
145;146;145;852;145;144;
146;147;146;858;146;145;
147;148;147;864;147;146;
148;149;148;870;148;147;
149;150;149;876;149;148;
150;151;150;882;150;149;
151;152;151;888;151;150;
152;153;152;894;152;151;
153;154;153;900;153;152;
154;155;154;906;154;153;
155;156;155;912;155;154;
156;157;156;918;156;155;
157;158;157;924;157;156;
158;159;158;930;158;157;
159;160;159;936;159;158;
160;161;160;942;160;159;
161;162;161;948;161;160;
162;163;162;954;162;161;
163;164;163;960;163;162;
164;165;164;966;164;163;
165;166;165;972;165;164;
166;167;166;978;166;165;
167;168;167;984;167;166;
168;169;168;990;168;167;
169;170;169;996;169;168;
170;171;170;1002;170;169;
171;172;171;1008;171;170;
172;173;172;1014;172;171;
173;174;173;1020;173;172;
174;175;174;1026;174;173;
175;176;175;1032;175;174;
176;177;176;1038;176;175;
177;178;177;1044;177;176;
178;179;178;1050;178;177;
179;180;179;1056;179;178;
180;181;180;1062;180;179;
181;182;181;1068;181;180;
182;183;182;1074;182;181;
183;184;183;1080;183;182;
184;185;184;1086;184;183;
185;186;185;1092;185;184;
186;187;186;1098;186;185;
187;188;187;1104;187;186;
188;189;188;1110;188;187;
189;190;189;1116;189;188;
190;191;190;1122;190;189;
191;192;191;1128;191;190;
192;193;192;1134;192;191;
193;194;193;1140;193;192;
194;195;194;1146;194;193;
195;196;195;1152;195;194;
196;197;196;1158;196;195;
197;198;197;1164;197;196;
198;199;198;1170;198;197;
199;200;199;1176;199;198;
200;201;200;1182;200;199;
201;202;201;1188;201;200;
202;203;202;1194;202;201;
203;204;203;1200;203;202;
204;205;204;1206;204;203;
205;206;205;1212;205;204;
206;207;206;1218;206;205;
207;208;207;1224;207;206;
208;209;208;1230;208;207;
209;210;209;1236;209;208;
210;211;210;1242;210;209;
211;212;211;1248;211;210;
212;213;212;1254;212;211;
213;214;213;1260;213;212;
214;215;214;1266;214;213;
215;216;215;1272;215;214;
216;217;216;1278;216;215;
217;218;217;1284;217;216;
218;219;218;1290;218;217;
219;220;219;1296;219;218;
220;221;220;1302;220;219;
221;222;221;1308;221;220;
222;223;222;1314;222;221;
223;224;223;1320;223;222;
224;225;224;1326;224;223;
225;226;225;1332;225;224;
226;227;226;1338;226;225;
227;228;227;1344;227;226;
228;229;228;1350;228;227;
229;230;229;1356;229;228;
230;231;230;1362;230;229;
231;232;231;1368;231;230;
232;233;232;1374;232;231;
233;234;233;1380;233;232;
234;235;234;1386;234;233;
235;236;235;1392;235;234;
236;237;236;1398;236;235;
237;238;237;1404;237;236;
238;239;238;1410;238;237;
239;240;239;1416;239;238;
240;241;240;1422;240;239;
241;242;241;1428;241;240;
242;243;242;1434;242;241;
243;244;243;1440;243;242;
244;245;244;1446;244;243;
245;246;245;1452;245;244;
246;247;246;1458;246;245;
247;248;247;1464;247;246;
248;249;248;1470;248;247;
249;250;249;1476;249;248;
250;251;250;1482;250;249;
251;252;251;1488;251;250;
252;253;252;1494;252;251;
253;254;253;1500;253;252;
254;255;254;1506;254;253;
255;256;255;1512;255;254;
256;257;256;1518;256;255;
257;258;257;1524;257;256;
258;259;258;1530;258;257;
259;260;259;1536;259;258;
260;261;260;1542;260;259;
261;262;261;1548;261;260;
262;263;262;1554;262;261;
263;264;263;1560;263;262;
264;265;264;1566;264;263;
265;266;265;1572;265;264;
266;267;266;1578;266;265;
267;268;267;1584;267;266;
268;269;268;1590;268;267;
269;270;269;1596;269;268;
270;271;270;1602;270;269;
271;272;271;1608;271;270;
272;273;272;1614;272;271;
273;274;273;1620;273;272;
274;275;274;1626;274;273;
275;276;275;1632;275;274;
276;277;276;1638;276;275;
277;278;277;1644;277;276;
278;279;278;1650;278;277;
279;280;279;1656;279;278;
280;281;280;1662;280;279;
281;282;281;1668;281;280;
282;283;282;1674;282;281;
283;284;283;1680;283;282;
284;285;284;1686;284;283;
285;286;285;1692;285;284;
286;287;286;1698;286;285;
287;288;287;1704;287;286;
288;289;288;1710;288;287;
289;290;289;1716;289;288;
290;291;290;1722;290;289;
291;292;291;1728;291;290;
292;293;292;1734;292;291;
293;294;293;1740;293;292;
294;295;294;1746;294;293;
295;296;295;1752;295;294;
296;297;296;1758;296;295;
297;298;297;1764;297;296;
298;299;298;1770;298;297;
299;300;299;1776;299;298;
300;301;300;1782;300;299;
301;302;301;1788;301;300;
302;303;302;1794;302;301;
303;304;303;1800;303;302;
304;305;304;1806;304;303;
305;306;305;1812;305;304;
306;307;306;1818;306;305;
307;308;307;1824;307;306;
308;309;308;1830;308;307;
309;310;309;1836;309;308;
310;311;310;1842;310;309;
311;312;311;1848;311;310;
312;313;312;1854;312;311;
313;314;313;1860;313;312;
314;315;314;1866;314;313;
315;316;315;1872;315;314;
316;317;316;1878;316;315;
317;318;317;1884;317;316;
318;319;318;1890;318;317;
319;320;319;1896;319;318;
320;321;320;1902;320;319;
321;322;321;1908;321;320;
322;323;322;1914;322;321;
323;324;323;1920;323;322;
324;325;324;1926;324;323;
325;326;325;1932;325;324;
326;327;326;1938;326;325;
327;328;327;1944;327;326;
328;329;328;1950;328;327;
329;330;329;1956;329;328;
330;331;330;1962;330;329;
331;332;331;1968;331;330;
332;333;332;1974;332;331;
333;334;333;1980;333;332;
334;335;334;1986;334;333;
335;336;335;1992;335;334;
336;337;336;1998;336;335;
337;338;337;2004;337;336;
338;339;338;2010;338;337;
339;340;339;2016;339;338;
340;341;340;2022;340;339;
341;342;341;2028;341;340;
342;343;342;2034;342;341;
343;344;343;2040;343;342;
344;345;344;2046;344;343;
345;346;345;2052;345;344;
346;347;346;2058;346;345;
347;348;347;2064;347;346;
348;349;348;2070;348;347;
349;350;349;2076;349;348;
350;351;350;2082;350;349;
351;352;351;2088;351;350;
352;353;352;2094;352;351;
353;354;353;2100;353;352;
354;355;354;2106;354;353;
355;356;355;2112;355;354;
356;357;356;2118;356;355;
357;358;357;2124;357;356;
358;359;358;2130;358;357;
359;360;359;2136;359;358;
360;361;360;2142;360;359;
361;362;361;2148;361;360;
362;363;362;2154;362;361;
363;364;363;2160;363;362;
364;365;364;2166;364;363;
365;366;365;2172;365;364;
366;367;366;2178;366;365;
367;368;367;2184;367;366;
368;369;368;2190;368;367;
369;370;369;2196;369;368;
370;371;370;2202;370;369;
371;372;371;2208;371;370;
372;373;372;2214;372;371;
373;374;373;2220;373;372;
374;375;374;2226;374;373;
375;376;375;2232;375;374;
376;377;376;2238;376;375;
377;378;377;2244;377;376;
378;379;378;2250;378;377;
379;380;379;2256;379;378;
380;381;380;2262;380;379;
381;382;381;2268;381;380;
382;383;382;2274;382;381;
383;384;383;2280;383;382;
384;385;384;2286;384;383;
385;386;385;2292;385;384;
386;387;386;2298;386;385;
387;388;387;2304;387;386;
388;389;388;2310;388;387;
389;390;389;2316;389;388;
390;391;390;2322;390;389;
391;392;391;2328;391;390;
392;393;392;2334;392;391;
393;394;393;2340;393;392;
394;395;394;2346;394;393;
395;396;395;2352;395;394;
396;397;396;2358;396;395;
397;398;397;2364;397;396;
398;399;398;2370;398;397;
399;400;399;2376;399;398;
400;401;400;2382;400;399;
401;402;401;2388;401;400;
402;403;402;2394;402;401;
403;404;403;2400;403;402;
404;405;404;2406;404;403;
405;406;405;2412;405;404;
406;407;406;2418;406;405;
407;408;407;2424;407;406;
408;409;408;2430;408;407;
409;410;409;2436;409;408;
410;411;410;2442;410;409;
411;412;411;2448;411;410;
412;413;412;2454;412;411;
413;414;413;2460;413;412;
414;415;414;2466;414;413;
415;416;415;2472;415;414;
416;417;416;2478;416;415;
417;418;417;2484;417;416;
418;419;418;2490;418;417;
419;420;419;2496;419;418;
420;421;420;2502;420;419;
421;422;421;2508;421;420;
422;423;422;2514;422;421;
423;424;423;2520;423;422;
424;425;424;2526;424;423;
425;426;425;2532;425;424;
426;427;426;2538;426;425;
427;428;427;2544;427;426;
428;429;428;2550;428;427;
429;430;429;2556;429;428;
430;431;430;2562;430;429;
431;432;431;2568;431;430;
432;433;432;2574;432;431;
433;434;433;2580;433;432;
434;435;434;2586;434;433;
435;436;435;2592;435;434;
436;437;436;2598;436;435;
437;438;437;2604;437;436;
438;439;438;2610;438;437;
439;440;439;2616;439;438;
440;441;440;2622;440;439;
441;442;441;2628;441;440;
442;443;442;2634;442;441;
443;444;443;2640;443;442;
444;445;444;2646;444;443;
445;446;445;2652;445;444;
446;447;446;2658;446;445;
447;448;447;2664;447;446;
448;449;448;2670;448;447;
449;450;449;2676;449;448;
450;451;450;2682;450;449;
451;452;451;2688;451;450;
452;453;452;2694;452;451;
453;454;453;2700;453;452;
454;455;454;2706;454;453;
455;456;455;2712;455;454;
456;457;456;2718;456;455;
457;458;457;2724;457;456;
458;459;458;2730;458;457;
459;460;459;2736;459;458;
460;461;460;2742;460;459;
461;462;461;2748;461;460;
462;463;462;2754;462;461;
463;464;463;2760;463;462;
464;465;464;2766;464;463;
465;466;465;2772;465;464;
466;467;466;2778;466;465;
467;468;467;2784;467;466;
468;469;468;2790;468;467;
469;470;469;2796;469;468;
470;471;470;2802;470;469;
471;472;471;2808;471;470;
472;473;472;2814;472;471;
473;474;473;2820;473;472;
474;475;474;2826;474;473;
475;476;475;2832;475;474;
476;477;476;2838;476;475;
477;478;477;2844;477;476;
478;479;478;2850;478;477;
479;480;479;2856;479;478;
480;481;480;2862;480;479;
481;482;481;2868;481;480;
482;483;482;2874;482;481;
483;484;483;2880;483;482;
484;485;484;2886;484;483;
485;486;485;2892;485;484;
486;487;486;2898;486;485;
487;488;487;2904;487;486;
488;489;488;2910;488;487;
489;490;489;2916;489;488;
490;491;490;2922;490;489;
491;492;491;2928;491;490;
492;493;492;2934;492;491;
493;494;493;2940;493;492;
494;495;494;2946;494;493;
495;496;495;2952;495;494;
496;497;496;2958;496;495;
497;498;497;2964;497;496;
498;499;498;2970;498;497;
499;500;499;2976;499;498;
500;501;500;2982;500;499;
501;502;501;2988;501;500;
502;503;502;2994;502;501;
503;504;503;3000;503;502;
504;505;504;3006;504;503;
505;506;505;3012;505;504;
506;507;506;3018;506;505;
507;508;507;3024;507;506;
508;509;508;3030;508;507;
509;510;509;3036;509;508;
510;511;510;3042;510;509;
511;512;511;3048;511;510;
512;513;512;3054;512;511;
513;514;513;3060;513;512;
514;515;514;3066;514;513;
515;516;515;3072;515;514;
516;517;516;3078;516;515;
90;91;90;1542;175;2639;
91;92;91;1560;177;2670;
92;93;92;1578;179;2701;
93;94;93;1596;181;2732;
94;95;94;1614;183;2763;
95;96;95;1632;185;2794;
96;97;96;1650;187;2825;
97;98;97;1668;189;2856;
98;99;98;1686;191;2887;
99;100;99;1704;193;2918;
100;101;100;1722;195;2949;
101;102;101;1740;197;2980;
102;103;102;1758;199;3011;
103;104;103;1776;201;3042;
104;105;104;1794;203;3073;
105;106;105;1812;205;3104;
106;107;106;1830;207;3135;
107;108;107;1848;209;3166;
108;109;108;1866;211;3197;
109;110;109;1884;213;3228;
110;111;110;1902;215;3259;
111;112;111;1920;217;3290;
112;113;112;1938;219;3321;
113;114;113;1956;221;3352;
114;115;114;1974;223;3383;
115;116;115;1992;225;3414;
116;117;116;2010;227;3445;
117;118;117;2028;229;3476;
118;119;118;2046;231;3507;
119;120;119;2064;233;3538;
120;121;120;2082;235;3569;
121;122;121;2100;237;3600;
2;30;2;10;2;1;
-117;-62;-117;-2080;-233;-3598;
-236;-154;-236;-4170;-468;-7197;
5;6;5;12;5;4;
6;7;6;30;7;35;
2;30;2;10;2;1;
3;4;3;2;3;1;
4;5;4;10;4;1;
5;6;5;12;5;4;
6;7;6;30;7;35;
2;30;2;10;2;1;
3;4;3;2;3;1;
4;5;4;10;4;1;
5;6;5;12;5;4;
6;7;6;30;7;35;
2;30;2;10;2;1;
3;4;3;2;3;1;
4;5;4;10;4;1;
5;6;5;12;5;4;
6;7;6;30;7;35;
2;30;2;10;2;1;
3;4;3;2;3;1;
4;5;4;10;4;1;
5;6;5;12;5;4;
6;7;6;30;7;35;
2;30;2;10;2;1;
3;4;3;2;3;1;
4;5;4;10;4;1;
5;6;5;12;5;4;
6;7;6;30;7;35;
2;30;2;10;2;1;
3;4;3;2;3;1;
4;5;4;10;4;1;
5;6;5;12;5;4;
6;7;6;30;7;35;
2;30;2;10;2;1;
3;4;3;2;3;1;
4;5;4;10;4;1;
5;6;5;12;5;4;
6;7;6;30;7;35;
2;30;2;10;2;1;
3;4;3;2;3;1;
4;5;4;10;4;1;
5;6;5;12;5;4;
6;7;6;30;7;35;
2;30;2;10;2;1;
3;4;3;2;3;1;
4;5;4;10;4;1;
5;6;5;12;5;4;
6;7;6;30;7;35;
2;30;2;10;2;1;
3;4;3;2;3;1;
4;5;4;10;4;1;
5;6;5;12;5;4;
6;7;6;30;7;35;
2;30;2;10;2;1;
3;4;3;2;3;1;
4;5;4;10;4;1;
5;6;5;12;5;4;
6;7;6;30;7;35;
2;30;2;10;2;1;
3;4;3;2;3;1;
4;5;4;10;4;1;
5;6;5;12;5;4;
6;7;6;30;7;35;
2;30;2;10;2;1;
3;4;3;2;3;1;
4;5;4;10;4;1;
5;6;5;12;5;4;
6;7;6;30;7;35;
2;30;2;10;2;1;
3;4;3;2;3;1;
4;5;4;10;4;1;
5;6;5;12;5;4;
6;7;6;30;7;35;
2;30;2;10;2;1;
3;4;3;2;3;1;
4;5;4;10;4;1;
5;6;5;12;5;4;
6;7;6;30;7;35;
2;30;2;10;2;1;
3;4;3;2;3;1;
4;5;4;10;4;1;
5;6;5;12;5;4;
6;7;6;30;7;35;
2;30;2;10;2;1;
3;4;3;2;3;1;
4;5;4;10;4;1;
5;6;5;12;5;4;
6;7;6;30;7;35;
2;30;2;10;2;1;
3;4;3;2;3;1;
4;5;4;10;4;1;
5;6;5;12;5;4;
6;7;6;30;7;35;
2;30;2;10;2;1;
3;4;3;2;3;1;
4;5;4;10;4;1;
5;6;5;12;5;4;
6;7;6;30;7;35;
2;30;2;10;2;1;
3;4;3;2;3;1;
4;5;4;10;4;1;
5;6;5;12;5;4;
6;7;6;30;7;35;
2;30;2;10;2;1;
3;4;3;2;3;1;
4;5;4;10;4;1;
5;6;5;12;5;4;
6;7;6;30;7;35;
2;30;2;10;2;1;
3;4;3;2;3;1;
4;5;4;10;4;1;
5;6;5;12;5;4;
6;7;6;30;7;35;
2;30;2;10;2;1;
3;4;3;2;3;1;
4;5;4;10;4;1;
5;6;5;12;5;4;
6;7;6;30;7;35;
2;30;2;10;2;1;
3;4;3;2;3;1;
4;5;4;10;4;1;
5;6;5;12;5;4;
6;7;6;30;7;35;
2;30;2;10;2;1;
3;4;3;2;3;1;
4;5;4;10;4;1;
5;6;5;12;5;4;
6;7;6;30;7;35;
2;30;2;10;2;1;
3;4;3;2;3;1;
4;5;4;10;4;1;
5;6;5;12;5;4;
6;7;6;30;7;35;
2;30;2;10;2;1;
3;4;3;2;3;1;
4;5;4;10;4;1;
5;6;5;12;5;4;
6;7;6;30;7;35;
2;30;2;10;2;1;
3;4;3;2;3;1;
4;5;4;10;4;1;
5;6;5;12;5;4;
6;7;6;30;7;35;
2;30;2;10;2;1;
3;4;3;2;3;1;
4;5;4;10;4;1;
5;6;5;12;5;4;
6;7;6;30;7;35;
2;30;2;10;2;1;
3;4;3;2;3;1;
4;5;4;10;4;1;
5;6;5;12;5;4;
6;7;6;30;7;35;
2;30;2;10;2;1;
3;4;3;2;3;1;
4;5;4;10;4;1;
5;6;5;12;5;4;
6;7;6;30;7;35;
2;30;2;10;2;1;
3;4;3;2;3;1;
4;5;4;10;4;1;
5;6;5;12;5;4;
6;7;6;30;7;35;
2;30;2;10;2;1;
3;4;3;2;3;1;
4;5;4;10;4;1;
5;6;5;12;5;4;
6;7;6;30;7;35;
2;30;2;10;2;1;
3;4;3;2;3;1;
4;5;4;10;4;1;
5;6;5;12;5;4;
6;7;6;30;7;35;
2;30;2;10;2;1;
3;4;3;2;3;1;
4;5;4;10;4;1;
5;6;5;12;5;4;
6;7;6;30;7;35;
2;30;2;10;2;1;
3;4;3;2;3;1;
4;5;4;10;4;1;
5;6;5;12;5;4;
6;7;6;30;7;35;
2;30;2;10;2;1;
3;4;3;2;3;1;
4;5;4;10;4;1;
5;6;5;12;5;4;
6;7;6;30;7;35;
2;30;2;10;2;1;
3;4;3;2;3;1;
4;5;4;10;4;1;
5;6;5;12;5;4;
6;7;6;30;7;35;
2;30;2;10;2;1;
3;4;3;2;3;1;
4;5;4;10;4;1;
5;6;5;12;5;4;
6;7;6;30;7;35;
2;30;2;10;2;1;
3;4;3;2;3;1;
4;5;4;10;4;1;
5;6;5;12;5;4;
6;7;6;30;7;35;
2;30;2;10;2;1;
3;4;3;2;3;1;
4;5;4;10;4;1;
5;6;5;12;5;4;
6;7;6;30;7;35;
2;30;2;10;2;1;
3;4;3;2;3;1;
4;5;4;10;4;1;
5;6;5;12;5;4;
6;7;6;30;7;35;
2;30;2;10;2;1;
3;4;3;2;3;1;
4;5;4;10;4;1;
5;6;5;12;5;4;
6;7;6;30;7;35;
2;30;2;10;2;1;
3;4;3;2;3;1;
4;5;4;10;4;1;
5;6;5;12;5;4;
6;7;6;30;7;35;
2;30;2;10;2;1;
3;4;3;2;3;1;
4;5;4;10;4;1;
5;6;5;12;5;4;
6;7;6;30;7;35;
2;30;2;10;2;1;
3;4;3;2;3;1;
4;5;4;10;4;1;
5;6;5;12;5;4;
6;7;6;30;7;35;
2;30;2;10;2;1;
3;4;3;2;3;1;
4;5;4;10;4;1;
5;6;5;12;5;4;
6;7;6;30;7;35;
2;30;2;10;2;1;
3;4;3;2;3;1;
4;5;4;10;4;1;
5;6;5;12;5;4;
6;7;6;30;7;35;
2;30;2;10;2;1;
3;4;3;2;3;1;
4;5;4;10;4;1;
5;6;5;12;5;4;
6;7;6;30;7;35;
2;30;2;10;2;1;
3;4;3;2;3;1;
4;5;4;10;4;1;
5;6;5;12;5;4;
6;7;6;30;7;35;
2;30;2;10;2;1;
3;4;3;2;3;1;
4;5;4;10;4;1;
5;6;5;12;5;4;
6;7;6;30;7;35;
2;30;2;10;2;1;
3;4;3;2;3;1;
4;5;4;10;4;1;
5;6;5;12;5;4;
6;7;6;30;7;35;
2;30;2;10;2;1;
3;4;3;2;3;1;
4;5;4;10;4;1;
5;6;5;12;5;4;
6;7;6;30;7;35;
2;30;2;10;2;1;
3;4;3;2;3;1;
4;5;4;10;4;1;
5;6;5;12;5;4;
6;7;6;30;7;35;
2;30;2;10;2;1;
3;4;3;2;3;1;
4;5;4;10;4;1;
5;6;5;12;5;4;
6;7;6;30;7;35;
2;30;2;10;2;1;
3;4;3;2;3;1;
4;5;4;10;4;1;
5;6;5;12;5;4;
6;7;6;30;7;35;
2;30;2;10;2;1;
3;4;3;2;3;1;
4;5;4;10;4;1;
5;6;5;12;5;4;
6;7;6;30;7;35;
2;30;2;10;2;1;
3;4;3;2;3;1;
4;5;4;10;4;1;
5;6;5;12;5;4;
6;7;6;30;7;35;
2;30;2;10;2;1;
3;4;3;2;3;1;
4;5;4;10;4;1;
5;6;5;12;5;4;
6;7;6;30;7;35;
2;30;2;10;2;1;
3;4;3;2;3;1;
4;5;4;10;4;1;
5;6;5;12;5;4;
6;7;6;30;7;35;
2;30;2;10;2;1;
3;4;3;2;3;1;
4;5;4;10;4;1;
5;6;5;12;5;4;
6;7;6;30;7;35;
2;30;2;10;2;1;
3;4;3;2;3;1;
4;5;4;10;4;1;
5;6;5;12;5;4;
6;7;6;30;7;35;
2;30;2;10;2;1;
3;4;3;2;3;1;
4;5;4;10;4;1;
5;6;5;12;5;4;
6;7;6;30;7;35;
2;30;2;10;2;1;
3;4;3;2;3;1;
4;5;4;10;4;1;
5;6;5;12;5;4;
6;7;6;30;7;35;
2;30;2;10;2;1;
3;4;3;2;3;1;
4;5;4;10;4;1;
5;6;5;12;5;4;
6;7;6;30;7;35;
2;30;2;10;2;1;
3;4;3;2;3;1;
4;5;4;10;4;1;
5;6;5;12;5;4;
6;7;6;30;7;35;
2;30;2;10;2;1;
3;4;3;2;3;1;
4;5;4;10;4;1;
5;6;5;12;5;4;
6;7;6;30;7;35;
2;30;2;10;2;1;
3;4;3;2;3;1;
4;5;4;10;4;1;
5;6;5;12;5;4;
6;7;6;30;7;35;
2;30;2;10;2;1;
3;4;3;2;3;1;
4;5;4;10;4;1;
5;6;5;12;5;4;
6;7;6;30;7;35;
2;30;2;10;2;1;
3;4;3;2;3;1;
4;5;4;10;4;1;
5;6;5;12;5;4;
6;7;6;30;7;35;
2;30;2;10;2;1;
3;4;3;2;3;1;
4;5;4;10;4;1;
5;6;5;12;5;4;
6;7;6;30;7;35;
2;30;2;10;2;1;
3;4;3;2;3;1;
4;5;4;10;4;1;
5;6;5;12;5;4;
6;7;6;30;7;35;
2;30;2;10;2;1;
3;4;3;2;3;1;
4;5;4;10;4;1;
5;6;5;12;5;4;
6;7;6;30;7;35;
2;30;2;10;2;1;
3;4;3;2;3;1;
4;5;4;10;4;1;
5;6;5;12;5;4;
6;7;6;30;7;35;
2;30;2;10;2;1;
3;4;3;2;3;1;
4;5;4;10;4;1;
5;6;5;12;5;4;
6;7;6;30;7;35;
2;30;2;10;2;1;
3;4;3;2;3;1;
4;5;4;10;4;1;
5;6;5;12;5;4;
6;7;6;30;7;35;
2;30;2;10;2;1;
3;4;3;2;3;1;
4;5;4;10;4;1;
5;6;5;12;5;4;
6;7;6;30;7;35;
2;30;2;10;2;1;
3;4;3;2;3;1;
4;5;4;10;4;1;
5;6;5;12;5;4;
6;7;6;30;7;35;
2;30;2;10;2;1;
3;4;3;2;3;1;
4;5;4;10;4;1;
5;6;5;12;5;4;
6;7;6;30;7;35;
2;30;2;10;2;1;
3;4;3;2;3;1;
4;5;4;10;4;1;
5;6;5;12;5;4;
6;7;6;30;7;35;
2;30;2;10;2;1;
3;4;3;2;3;1;
4;5;4;10;4;1;
5;6;5;12;5;4;
6;7;6;30;7;35;
2;30;2;10;2;1;
3;4;3;2;3;1;
4;5;4;10;4;1;
5;6;5;12;5;4;
6;7;6;30;7;35;
2;30;2;10;2;1;
3;4;3;2;3;1;
4;5;4;10;4;1;
5;6;5;12;5;4;
6;7;6;30;7;35;
2;30;2;10;2;1;
3;4;3;2;3;1;
4;5;4;10;4;1;
5;6;5;12;5;4;
6;7;6;30;7;35;
2;30;2;10;2;1;
3;4;3;2;3;1;
4;5;4;10;4;1;
5;6;5;12;5;4;
6;7;6;30;7;35;
2;30;2;10;2;1;
3;4;3;2;3;1;
4;5;4;10;4;1;
5;6;5;12;5;4;
6;7;6;30;7;35;
2;30;2;10;2;1;
3;4;3;2;3;1;
4;5;4;10;4;1;
5;6;5;12;5;4;
6;7;6;30;7;35;
2;30;2;10;2;1;
3;4;3;2;3;1;
4;5;4;10;4;1;
5;6;5;12;5;4;
6;7;6;30;7;35;
2;30;2;10;2;1;
3;4;3;2;3;1;
4;5;4;10;4;1;
5;6;5;12;5;4;
6;7;6;30;7;35;
2;30;2;10;2;1;
3;4;3;2;3;1;
4;5;4;10;4;1;
5;6;5;12;5;4;
6;7;6;30;7;35;
2;30;2;10;2;1;
3;4;3;2;3;1;
4;5;4;10;4;1;
5;6;5;12;5;4;
6;7;6;30;7;35;
2;30;2;10;2;1;
3;4;3;2;3;1;
4;5;4;10;4;1;
5;6;5;12;5;4;
6;7;6;30;7;35;
2;30;2;10;2;1;
3;4;3;2;3;1;
4;5;4;10;4;1;
5;6;5;12;5;4;
6;7;6;30;7;35;
2;30;2;10;2;1;
3;4;3;2;3;1;
4;5;4;10;4;1;
5;6;5;12;5;4;
6;7;6;30;7;35;
2;30;2;10;2;1;
3;4;3;2;3;1;
4;5;4;10;4;1;
5;6;5;12;5;4;
6;7;6;30;7;35;
2;30;2;10;2;1;
3;4;3;2;3;1;
4;5;4;10;4;1;
5;6;5;12;5;4;
6;7;6;30;7;35;
2;30;2;10;2;1;
3;4;3;2;3;1;
4;5;4;10;4;1;
5;6;5;12;5;4;
6;7;6;30;7;35;
2;30;2;10;2;1;
3;4;3;2;3;1;
4;5;4;10;4;1;
5;6;5;12;5;4;
6;7;6;30;7;35;
2;30;2;10;2;1;
3;4;3;2;3;1;
4;5;4;10;4;1;
5;6;5;12;5;4;
6;7;6;30;7;35;
2;30;2;10;2;1;
3;4;3;2;3;1;
4;5;4;10;4;1;
5;6;5;12;5;4;
6;7;6;30;7;35;
2;30;2;10;2;1;
3;4;3;2;3;1;
4;5;4;10;4;1;
5;6;5;12;5;4;
6;7;6;30;7;35;
2;30;2;10;2;1;
3;4;3;2;3;1;
4;5;4;10;4;1;
5;6;5;12;5;4;
6;7;6;30;7;35;
2;30;2;10;2;1;
3;4;3;2;3;1;
4;5;4;10;4;1;
5;6;5;12;5;4;
6;7;6;30;7;35;
2;30;2;10;2;1;
3;4;3;2;3;1;
4;5;4;10;4;1;
5;6;5;12;5;4;
6;7;6;30;7;35;
2;30;2;10;2;1;
3;4;3;2;3;1;
4;5;4;10;4;1;
5;6;5;12;5;4;
6;7;6;30;7;35;
2;30;2;10;2;1;
3;4;3;2;3;1;
4;5;4;10;4;1;
5;6;5;12;5;4;
6;7;6;30;7;35;
2;30;2;10;2;1;
3;4;3;2;3;1;
4;5;4;10;4;1;
5;6;5;12;5;4;
6;7;6;30;7;35;
2;30;2;10;2;1;
3;4;3;2;3;1;
4;5;4;10;4;1;
5;6;5;12;5;4;
6;7;6;30;7;35;
2;30;2;10;2;1;
3;4;3;2;3;1;
4;5;4;10;4;1;
5;6;5;12;5;4;
6;7;6;30;7;35;
2;30;2;10;2;1;
3;4;3;2;3;1;
4;5;4;10;4;1;
5;6;5;12;5;4;
6;7;6;30;7;35;
2;30;2;10;2;1;
3;4;3;2;3;1;
4;5;4;10;4;1;
5;6;5;12;5;4;
6;7;6;30;7;35;
2;30;2;10;2;1;
3;4;3;2;3;1;
4;5;4;10;4;1;
5;6;5;12;5;4;
6;7;6;30;7;35;
2;30;2;10;2;1;
3;4;3;2;3;1;
4;5;4;10;4;1;
5;6;5;12;5;4;
6;7;6;30;7;35;
2;30;2;10;2;1;
3;4;3;2;3;1;
4;5;4;10;4;1;
5;6;5;12;5;4;
6;7;6;30;7;35;
2;30;2;10;2;1;
3;4;3;2;3;1;
4;5;4;10;4;1;
5;6;5;12;5;4;
6;7;6;30;7;35;
2;30;2;10;2;1;
3;4;3;2;3;1;
4;5;4;10;4;1;
5;6;5;12;5;4;
6;7;6;30;7;35;
2;30;2;10;2;1;
3;4;3;2;3;1;
4;5;4;10;4;1;
5;6;5;12;5;4;
6;7;6;30;7;35;
2;30;2;10;2;1;
3;4;3;2;3;1;
4;5;4;10;4;1;
5;6;5;12;5;4;
6;7;6;30;7;35;
2;30;2;10;2;1;
3;4;3;2;3;1;
4;5;4;10;4;1;
5;6;5;12;5;4;
6;7;6;30;7;35;
2;30;2;10;2;1;
3;4;3;2;3;1;
4;5;4;10;4;1;
5;6;5;12;5;4;
6;7;6;30;7;35;
2;30;2;10;2;1;
3;4;3;2;3;1;
4;5;4;10;4;1;
5;6;5;12;5;4;
6;7;6;30;7;35;
2;30;2;10;2;1;
3;4;3;2;3;1;
4;5;4;10;4;1;
5;6;5;12;5;4;
6;7;6;30;7;35;
2;30;2;10;2;1;
3;4;3;2;3;1;
4;5;4;10;4;1;
5;6;5;12;5;4;
6;7;6;30;7;35;
2;30;2;10;2;1;
3;4;3;2;3;1;
4;5;4;10;4;1;
5;6;5;12;5;4;
6;7;6;30;7;35;
2;30;2;10;2;1;
3;4;3;2;3;1;
4;5;4;10;4;1;
5;6;5;12;5;4;
6;7;6;30;7;35;
2;30;2;10;2;1;
3;4;3;2;3;1;
4;5;4;10;4;1;
5;6;5;12;5;4;
6;7;6;30;7;35;
2;30;2;10;2;1;
3;4;3;2;3;1;
4;5;4;10;4;1;
5;6;5;12;5;4;
6;7;6;30;7;35;
2;30;2;10;2;1;
3;4;3;2;3;1;
4;5;4;10;4;1;
5;6;5;12;5;4;
6;7;6;30;7;35;
2;30;2;10;2;1;
3;4;3;2;3;1;
4;5;4;10;4;1;
5;6;5;12;5;4;
6;7;6;30;7;35;
2;30;2;10;2;1;
3;4;3;2;3;1;
4;5;4;10;4;1;
5;6;5;12;5;4;
6;7;6;30;7;35;
2;30;2;10;2;1;
3;4;3;2;3;1;
4;5;4;10;4;1;
5;6;5;12;5;4;
6;7;6;30;7;35;
2;30;2;10;2;1;
3;4;3;2;3;1;
4;5;4;10;4;1;
5;6;5;12;5;4;
6;7;6;30;7;35;
2;30;2;10;2;1;
3;4;3;2;3;1;
4;5;4;10;4;1;
5;6;5;12;5;4;
6;7;6;30;7;35;
2;30;2;10;2;1;
3;4;3;2;3;1;
4;5;4;10;4;1;
5;6;5;12;5;4;
6;7;6;30;7;35;
2;30;2;10;2;1;
3;4;3;2;3;1;
4;5;4;10;4;1;
5;6;5;12;5;4;
6;7;6;30;7;35;
2;30;2;10;2;1;
3;4;3;2;3;1;
4;5;4;10;4;1;
5;6;5;12;5;4;
6;7;6;30;7;35;
2;30;2;10;2;1;
3;4;3;2;3;1;
4;5;4;10;4;1;
5;6;5;12;5;4;
6;7;6;30;7;35;
2;30;2;10;2;1;
3;4;3;2;3;1;
4;5;4;10;4;1;
5;6;5;12;5;4;
6;7;6;30;7;35;
2;30;2;10;2;1;
3;4;3;2;3;1;
4;5;4;10;4;1;
5;6;5;12;5;4;
6;7;6;30;7;35;
2;30;2;10;2;1;
3;4;3;2;3;1;
4;5;4;10;4;1;
5;6;5;12;5;4;
6;7;6;30;7;35;
2;30;2;10;2;1;
3;4;3;2;3;1;
4;5;4;10;4;1;
5;6;5;12;5;4;
6;7;6;30;7;35;
2;30;2;10;2;1;
3;4;3;2;3;1;
4;5;4;10;4;1;
5;6;5;12;5;4;
6;7;6;30;7;35;
2;30;2;10;2;1;
3;4;3;2;3;1;
4;5;4;10;4;1;
5;6;5;12;5;4;
6;7;6;30;7;35;
2;30;2;10;2;1;
3;4;3;2;3;1;
4;5;4;10;4;1;
5;6;5;12;5;4;
6;7;6;30;7;35;
2;30;2;10;2;1;
3;4;3;2;3;1;
4;5;4;10;4;1;
5;6;5;12;5;4;
6;7;6;30;7;35;
2;30;2;10;2;1;
3;4;3;2;3;1;
4;5;4;10;4;1;
5;6;5;12;5;4;
6;7;6;30;7;35;
2;30;2;10;2;1;
3;4;3;2;3;1;
4;5;4;10;4;1;
5;6;5;12;5;4;
6;7;6;30;7;35;
2;30;2;10;2;1;
3;4;3;2;3;1;
4;5;4;10;4;1;
5;6;5;12;5;4;
6;7;6;30;7;35;
2;30;2;10;2;1;
3;4;3;2;3;1;
4;5;4;10;4;1;
5;6;5;12;5;4;
6;7;6;30;7;35;
2;30;2;10;2;1;
3;4;3;2;3;1;
4;5;4;10;4;1;
5;6;5;12;5;4;
6;7;6;30;7;35;
2;30;2;10;2;1;
3;4;3;2;3;1;
4;5;4;10;4;1;
5;6;5;12;5;4;
6;7;6;30;7;35;
2;30;2;10;2;1;
3;4;3;2;3;1;
4;5;4;10;4;1;
5;6;5;12;5;4;
6;7;6;30;7;35;
2;30;2;10;2;1;
3;4;3;2;3;1;
4;5;4;10;4;1;
5;6;5;12;5;4;
6;7;6;30;7;35;
2;30;2;10;2;1;
3;4;3;2;3;1;
4;5;4;10;4;1;
5;6;5;12;5;4;
6;7;6;30;7;35;
2;30;2;10;2;1;
3;4;3;2;3;1;
4;5;4;10;4;1;
5;6;5;12;5;4;
6;7;6;30;7;35;
2;30;2;10;2;1;
3;4;3;2;3;1;
4;5;4;10;4;1;
5;6;5;12;5;4;
6;7;6;30;7;35;
2;30;2;10;2;1;
3;4;3;2;3;1;
4;5;4;10;4;1;
5;6;5;12;5;4;
6;7;6;30;7;35;
2;30;2;10;2;1;
3;4;3;2;3;1;
4;5;4;10;4;1;
5;6;5;12;5;4;
6;7;6;30;7;35;
2;30;2;10;2;1;
3;4;3;2;3;1;
4;5;4;10;4;1;
5;6;5;12;5;4;
6;7;6;30;7;35;
2;30;2;10;2;1;
3;4;3;2;3;1;
4;5;4;10;4;1;
5;6;5;12;5;4;
6;7;6;30;7;35;
2;30;2;10;2;1;
3;4;3;2;3;1;
4;5;4;10;4;1;
5;6;5;12;5;4;
6;7;6;30;7;35;
2;30;2;10;2;1;
3;4;3;2;3;1;
4;5;4;10;4;1;
5;6;5;12;5;4;
6;7;6;30;7;35;
2;30;2;10;2;1;
3;4;3;2;3;1;
4;5;4;10;4;1;
5;6;5;12;5;4;
6;7;6;30;7;35;
2;30;2;10;2;1;
3;4;3;2;3;1;
4;5;4;10;4;1;
5;6;5;12;5;4;
6;7;6;30;7;35;
2;30;2;10;2;1;
3;4;3;2;3;1;
4;5;4;10;4;1;
5;6;5;12;5;4;
6;7;6;30;7;35;
2;30;2;10;2;1;
3;4;3;2;3;1;
4;5;4;10;4;1;
5;6;5;12;5;4;
6;7;6;30;7;35;
2;30;2;10;2;1;
3;4;3;2;3;1;
4;5;4;10;4;1;
5;6;5;12;5;4;
6;7;6;30;7;35;
2;30;2;10;2;1;
3;4;3;2;3;1;
4;5;4;10;4;1;
5;6;5;12;5;4;
6;7;6;30;7;35;
2;30;2;10;2;1;
3;4;3;2;3;1;
4;5;4;10;4;1;
5;6;5;12;5;4;
6;7;6;30;7;35;
2;30;2;10;2;1;
3;4;3;2;3;1;
4;5;4;10;4;1;
5;6;5;12;5;4;
6;7;6;30;7;35;
2;30;2;10;2;1;
3;4;3;2;3;1;
4;5;4;10;4;1;
5;6;5;12;5;4;
6;7;6;30;7;35;
2;30;2;10;2;1;
3;4;3;2;3;1;
4;5;4;10;4;1;
5;6;5;12;5;4;
6;7;6;30;7;35;
2;30;2;10;2;1;
3;4;3;2;3;1;
4;5;4;10;4;1;
5;6;5;12;5;4;
6;7;6;30;7;35;
2;30;2;10;2;1;
3;4;3;2;3;1;
4;5;4;10;4;1;
5;6;5;12;5;4;
6;7;6;30;7;35;
2;30;2;10;2;1;
3;4;3;2;3;1;
4;5;4;10;4;1;
5;6;5;12;5;4;
6;7;6;30;7;35;
2;30;2;10;2;1;
3;4;3;2;3;1;
4;5;4;10;4;1;
5;6;5;12;5;4;
6;7;6;30;7;35;
2;30;2;10;2;1;
3;4;3;2;3;1;
4;5;4;10;4;1;
5;6;5;12;5;4;
6;7;6;30;7;35;
2;30;2;10;2;1;
3;4;3;2;3;1;
4;5;4;10;4;1;
5;6;5;12;5;4;
6;7;6;30;7;35;
2;30;2;10;2;1;
3;4;3;2;3;1;
4;5;4;10;4;1;
5;6;5;12;5;4;
6;7;6;30;7;35;
2;30;2;10;2;1;
3;4;3;2;3;1;
4;5;4;10;4;1;
5;6;5;12;5;4;
6;7;6;30;7;35;
2;30;2;10;2;1;
3;4;3;2;3;1;
4;5;4;10;4;1;
5;6;5;12;5;4;
6;7;6;30;7;35;
2;30;2;10;2;1;
3;4;3;2;3;1;
4;5;4;10;4;1;
5;6;5;12;5;4;
6;7;6;30;7;35;
2;30;2;10;2;1;
3;4;3;2;3;1;
4;5;4;10;4;1;
5;6;5;12;5;4;
6;7;6;30;7;35;
2;30;2;10;2;1;
3;4;3;2;3;1;
4;5;4;10;4;1;
5;6;5;12;5;4;
6;7;6;30;7;35;
2;30;2;10;2;1;
3;4;3;2;3;1;
4;5;4;10;4;1;
5;6;5;12;5;4;
6;7;6;30;7;35;
2;30;2;10;2;1;
3;4;3;2;3;1;
4;5;4;10;4;1;
5;6;5;12;5;4;
6;7;6;30;7;35;
2;30;2;10;2;1;
3;4;3;2;3;1;
4;5;4;10;4;1;
5;6;5;12;5;4;
6;7;6;30;7;35;
2;30;2;10;2;1;
3;4;3;2;3;1;
4;5;4;10;4;1;
5;6;5;12;5;4;
6;7;6;30;7;35;
2;30;2;10;2;1;
3;4;3;2;3;1;
4;5;4;10;4;1;
5;6;5;12;5;4;
6;7;6;30;7;35;
2;30;2;10;2;1;
3;4;3;2;3;1;
4;5;4;10;4;1;
5;6;5;12;5;4;
6;7;6;30;7;35;
2;30;2;10;2;1;
3;4;3;2;3;1;
4;5;4;10;4;1;
5;6;5;12;5;4;
6;7;6;30;7;35;
2;30;2;10;2;1;
3;4;3;2;3;1;
4;5;4;10;4;1;
5;6;5;12;5;4;
6;7;6;30;7;35;
2;30;2;10;2;1;
3;4;3;2;3;1;
4;5;4;10;4;1;
5;6;5;12;5;4;
6;7;6;30;7;35;
2;30;2;10;2;1;
3;4;3;2;3;1;
4;5;4;10;4;1;
5;6;5;12;5;4;
6;7;6;30;7;35;
2;30;2;10;2;1;
3;4;3;2;3;1;
4;5;4;10;4;1;
5;6;5;12;5;4;
6;7;6;30;7;35;
2;30;2;10;2;1;
3;4;3;2;3;1;
4;5;4;10;4;1;
5;6;5;12;5;4;
6;7;6;30;7;35;
2;30;2;10;2;1;
3;4;3;2;3;1;
4;5;4;10;4;1;
5;6;5;12;5;4;
6;7;6;30;7;35;
2;30;2;10;2;1;
3;4;3;2;3;1;
4;5;4;10;4;1;
5;6;5;12;5;4;
6;7;6;30;7;35;
2;30;2;10;2;1;
3;4;3;2;3;1;
4;5;4;10;4;1;
5;6;5;12;5;4;
6;7;6;30;7;35;
2;30;2;10;2;1;
3;4;3;2;3;1;
4;5;4;10;4;1;
5;6;5;12;5;4;
6;7;6;30;7;35;
2;30;2;10;2;1;
3;4;3;2;3;1;
4;5;4;10;4;1;
5;6;5;12;5;4;
6;7;6;30;7;35;
2;30;2;10;2;1;
3;4;3;2;3;1;
4;5;4;10;4;1;
5;6;5;12;5;4;
6;7;6;30;7;35;
2;30;2;10;2;1;
3;4;3;2;3;1;
4;5;4;10;4;1;
5;6;5;12;5;4;
6;7;6;30;7;35;
2;30;2;10;2;1;
3;4;3;2;3;1;
4;5;4;10;4;1;
5;6;5;12;5;4;
6;7;6;30;7;35;
2;30;2;10;2;1;
3;4;3;2;3;1;
4;5;4;10;4;1;
5;6;5;12;5;4;
6;7;6;30;7;35;
2;30;2;10;2;1;
3;4;3;2;3;1;
4;5;4;10;4;1;
5;6;5;12;5;4;
6;7;6;30;7;35;
2;30;2;10;2;1;
3;4;3;2;3;1;
4;5;4;10;4;1;
5;6;5;12;5;4;
6;7;6;30;7;35;
2;30;2;10;2;1;
3;4;3;2;3;1;
4;5;4;10;4;1;
5;6;5;12;5;4;
6;7;6;30;7;35;
2;30;2;10;2;1;
3;4;3;2;3;1;
4;5;4;10;4;1;
5;6;5;12;5;4;
6;7;6;30;7;35;
2;30;2;10;2;1;
3;4;3;2;3;1;
4;5;4;10;4;1;
5;6;5;12;5;4;
6;7;6;30;7;35;
2;30;2;10;2;1;
3;4;3;2;3;1;
4;5;4;10;4;1;
5;6;5;12;5;4;
6;7;6;30;7;35;
2;30;2;10;2;1;
3;4;3;2;3;1;
4;5;4;10;4;1;
5;6;5;12;5;4;
6;7;6;30;7;35;
2;30;2;10;2;1;
3;4;3;2;3;1;
4;5;4;10;4;1;
5;6;5;12;5;4;
6;7;6;30;7;35;
2;30;2;10;2;1;
3;4;3;2;3;1;
4;5;4;10;4;1;
5;6;5;12;5;4;
6;7;6;30;7;35;
2;30;2;10;2;1;
3;4;3;2;3;1;
4;5;4;10;4;1;
5;6;5;12;5;4;
6;7;6;30;7;35;
2;30;2;10;2;1;
3;4;3;2;3;1;
4;5;4;10;4;1;
5;6;5;12;5;4;
6;7;6;30;7;35;
2;30;2;10;2;1;
3;4;3;2;3;1;
4;5;4;10;4;1;
5;6;5;12;5;4;
6;7;6;30;7;35;
2;30;2;10;2;1;
3;4;3;2;3;1;
4;5;4;10;4;1;
5;6;5;12;5;4;
6;7;6;30;7;35;
2;30;2;10;2;1;
3;4;3;2;3;1;
4;5;4;10;4;1;
5;6;5;12;5;4;
6;7;6;30;7;35;
2;30;2;10;2;1;
3;4;3;2;3;1;
4;5;4;10;4;1;
5;6;5;12;5;4;
6;7;6;30;7;35;
2;30;2;10;2;1;
3;4;3;2;3;1;
4;5;4;10;4;1;
5;6;5;12;5;4;
6;7;6;30;7;35;
2;30;2;10;2;1;
3;4;3;2;3;1;
4;5;4;10;4;1;
5;6;5;12;5;4;
6;7;6;30;7;35;
2;30;2;10;2;1;
3;4;3;2;3;1;
4;5;4;10;4;1;
5;6;5;12;5;4;
6;7;6;30;7;35;
2;30;2;10;2;1;
3;4;3;2;3;1;
4;5;4;10;4;1;
5;6;5;12;5;4;
6;7;6;30;7;35;
2;30;2;10;2;1;
3;4;3;2;3;1;
4;5;4;10;4;1;
5;6;5;12;5;4;
6;7;6;30;7;35;
2;30;2;10;2;1;
3;4;3;2;3;1;
4;5;4;10;4;1;
5;6;5;12;5;4;
6;7;6;30;7;35;
2;30;2;10;2;1;
3;4;3;2;3;1;
4;5;4;10;4;1;
5;6;5;12;5;4;
6;7;6;30;7;35;
2;30;2;10;2;1;
3;4;3;2;3;1;
4;5;4;10;4;1;
5;6;5;12;5;4;
6;7;6;30;7;35;
2;30;2;10;2;1;
3;4;3;2;3;1;
4;5;4;10;4;1;
5;6;5;12;5;4;
6;7;6;30;7;35;
2;30;2;10;2;1;
3;4;3;2;3;1;
4;5;4;10;4;1;
5;6;5;12;5;4;
6;7;6;30;7;35;
2;30;2;10;2;1;
3;4;3;2;3;1;
4;5;4;10;4;1;
5;6;5;12;5;4;
6;7;6;30;7;35;
2;30;2;10;2;1;
3;4;3;2;3;1;
4;5;4;10;4;1;
5;6;5;12;5;4;
6;7;6;30;7;35;
2;30;2;10;2;1;
3;4;3;2;3;1;
4;5;4;10;4;1;
5;6;5;12;5;4;
6;7;6;30;7;35;
2;30;2;10;2;1;
3;4;3;2;3;1;
4;5;4;10;4;1;
5;6;5;12;5;4;
6;7;6;30;7;35;
2;30;2;10;2;1;
3;4;3;2;3;1;
4;5;4;10;4;1;
5;6;5;12;5;4;
6;7;6;30;7;35;
2;30;2;10;2;1;
3;4;3;2;3;1;
4;5;4;10;4;1;
5;6;5;12;5;4;
6;7;6;30;7;35;
2;30;2;10;2;1;
3;4;3;2;3;1;
4;5;4;10;4;1;
5;6;5;12;5;4;
6;7;6;30;7;35;
2;30;2;10;2;1;
3;4;3;2;3;1;
4;5;4;10;4;1;
5;6;5;12;5;4;
6;7;6;30;7;35;
2;30;2;10;2;1;
3;4;3;2;3;1;
4;5;4;10;4;1;
5;6;5;12;5;4;
6;7;6;30;7;35;
2;30;2;10;2;1;
3;4;3;2;3;1;
4;5;4;10;4;1;
5;6;5;12;5;4;
6;7;6;30;7;35;
2;30;2;10;2;1;
3;4;3;2;3;1;
4;5;4;10;4;1;
5;6;5;12;5;4;
6;7;6;30;7;35;
2;30;2;10;2;1;
3;4;3;2;3;1;
4;5;4;10;4;1;
5;6;5;12;5;4;
6;7;6;30;7;35;
2;30;2;10;2;1;
3;4;3;2;3;1;
4;5;4;10;4;1;
5;6;5;12;5;4;
6;7;6;30;7;35;
2;30;2;10;2;1;
3;4;3;2;3;1;
4;5;4;10;4;1;
5;6;5;12;5;4;
6;7;6;30;7;35;
2;30;2;10;2;1;
3;4;3;2;3;1;
4;5;4;10;4;1;
5;6;5;12;5;4;
6;7;6;30;7;35;
2;30;2;10;2;1;
3;4;3;2;3;1;
4;5;4;10;4;1;
5;6;5;12;5;4;
6;7;6;30;7;35;
2;30;2;10;2;1;
3;4;3;2;3;1;
4;5;4;10;4;1;
5;6;5;12;5;4;
6;7;6;30;7;35;
2;30;2;10;2;1;
3;4;3;2;3;1;
4;5;4;10;4;1;
5;6;5;12;5;4;
6;7;6;30;7;35;
2;30;2;10;2;1;
3;4;3;2;3;1;
4;5;4;10;4;1;
5;6;5;12;5;4;
6;7;6;30;7;35;
2;30;2;10;2;1;
3;4;3;2;3;1;
4;5;4;10;4;1;
5;6;5;12;5;4;
6;7;6;30;7;35;
2;30;2;10;2;1;
3;4;3;2;3;1;
4;5;4;10;4;1;
5;6;5;12;5;4;
6;7;6;30;7;35;
2;30;2;10;2;1;
3;4;3;2;3;1;
4;5;4;10;4;1;
5;6;5;12;5;4;
6;7;6;30;7;35;
2;30;2;10;2;1;
3;4;3;2;3;1;
4;5;4;10;4;1;
5;6;5;12;5;4;
6;7;6;30;7;35;
2;30;2;10;2;1;
3;4;3;2;3;1;
4;5;4;10;4;1;
5;6;5;12;5;4;
6;7;6;30;7;35;
2;30;2;10;2;1;
3;4;3;2;3;1;
4;5;4;10;4;1;
5;6;5;12;5;4;
6;7;6;30;7;35;
2;30;2;10;2;1;
3;4;3;2;3;1;
4;5;4;10;4;1;
5;6;5;12;5;4;
6;7;6;30;7;35;
2;30;2;10;2;1;
3;4;3;2;3;1;
4;5;4;10;4;1;
5;6;5;12;5;4;
6;7;6;30;7;35;
2;30;2;10;2;1;
3;4;3;2;3;1;
4;5;4;10;4;1;
5;6;5;12;5;4;
6;7;6;30;7;35;
2;30;2;10;2;1;
3;4;3;2;3;1;
4;5;4;10;4;1;
5;6;5;12;5;4;
6;7;6;30;7;35;
2;30;2;10;2;1;
3;4;3;2;3;1;
4;5;4;10;4;1;
5;6;5;12;5;4;
6;7;6;30;7;35;
2;30;2;10;2;1;
3;4;3;2;3;1;
4;5;4;10;4;1;
5;6;5;12;5;4;
6;7;6;30;7;35;
2;30;2;10;2;1;
3;4;3;2;3;1;
4;5;4;10;4;1;
5;6;5;12;5;4;
6;7;6;30;7;35;
2;30;2;10;2;1;
3;4;3;2;3;1;
4;5;4;10;4;1;
5;6;5;12;5;4;
6;7;6;30;7;35;
2;30;2;10;2;1;
3;4;3;2;3;1;
4;5;4;10;4;1;
5;6;5;12;5;4;
6;7;6;30;7;35;
2;30;2;10;2;1;
3;4;3;2;3;1;
4;5;4;10;4;1;
5;6;5;12;5;4;
6;7;6;30;7;35;
2;30;2;10;2;1;
3;4;3;2;3;1;
4;5;4;10;4;1;
5;6;5;12;5;4;
6;7;6;30;7;35;
2;30;2;10;2;1;
3;4;3;2;3;1;
4;5;4;10;4;1;
5;6;5;12;5;4;
6;7;6;30;7;35;
2;30;2;10;2;1;
3;4;3;2;3;1;
4;5;4;10;4;1;
5;6;5;12;5;4;
6;7;6;30;7;35;
2;30;2;10;2;1;
3;4;3;2;3;1;
4;5;4;10;4;1;
5;6;5;12;5;4;
6;7;6;30;7;35;
2;30;2;10;2;1;
3;4;3;2;3;1;
4;5;4;10;4;1;
5;6;5;12;5;4;
6;7;6;30;7;35;
2;30;2;10;2;1;
3;4;3;2;3;1;
4;5;4;10;4;1;
5;6;5;12;5;4;
6;7;6;30;7;35;
2;30;2;10;2;1;
3;4;3;2;3;1;
4;5;4;10;4;1;
5;6;5;12;5;4;
6;7;6;30;7;35;
2;30;2;10;2;1;
3;4;3;2;3;1;
4;5;4;10;4;1;
5;6;5;12;5;4;
6;7;6;30;7;35;
2;30;2;10;2;1;
3;4;3;2;3;1;
4;5;4;10;4;1;
5;6;5;12;5;4;
6;7;6;30;7;35;
2;30;2;10;2;1;
3;4;3;2;3;1;
4;5;4;10;4;1;
5;6;5;12;5;4;
6;7;6;30;7;35;
2;30;2;10;2;1;
3;4;3;2;3;1;
4;5;4;10;4;1;
5;6;5;12;5;4;
6;7;6;30;7;35;
2;30;2;10;2;1;
3;4;3;2;3;1;
4;5;4;10;4;1;
5;6;5;12;5;4;
6;7;6;30;7;35;
2;30;2;10;2;1;
3;4;3;2;3;1;
4;5;4;10;4;1;
5;6;5;12;5;4;
6;7;6;30;7;35;
2;30;2;10;2;1;
3;4;3;2;3;1;
4;5;4;10;4;1;
5;6;5;12;5;4;
6;7;6;30;7;35;
2;30;2;10;2;1;
3;4;3;2;3;1;
4;5;4;10;4;1;
5;6;5;12;5;4;
6;7;6;30;7;35;
2;30;2;10;2;1;
3;4;3;2;3;1;
4;5;4;10;4;1;
5;6;5;12;5;4;
6;7;6;30;7;35;
2;30;2;10;2;1;
3;4;3;2;3;1;
4;5;4;10;4;1;
5;6;5;12;5;4;
6;7;6;30;7;35;
2;30;2;10;2;1;
3;4;3;2;3;1;
4;5;4;10;4;1;
5;6;5;12;5;4;
6;7;6;30;7;35;
2;30;2;10;2;1;
3;4;3;2;3;1;
4;5;4;10;4;1;
5;6;5;12;5;4;
6;7;6;30;7;35;
2;30;2;10;2;1;
3;4;3;2;3;1;
4;5;4;10;4;1;
5;6;5;12;5;4;
6;7;6;30;7;35;
2;30;2;10;2;1;
3;4;3;2;3;1;
4;5;4;10;4;1;
5;6;5;12;5;4;
6;7;6;30;7;35;
2;30;2;10;2;1;
3;4;3;2;3;1;
4;5;4;10;4;1;
5;6;5;12;5;4;
6;7;6;30;7;35;
2;30;2;10;2;1;
3;4;3;2;3;1;
4;5;4;10;4;1;
5;6;5;12;5;4;
6;7;6;30;7;35;
2;30;2;10;2;1;
3;4;3;2;3;1;
4;5;4;10;4;1;
5;6;5;12;5;4;
6;7;6;30;7;35;
2;30;2;10;2;1;
3;4;3;2;3;1;
4;5;4;10;4;1;
5;6;5;12;5;4;
6;7;6;30;7;35;
2;30;2;10;2;1;
3;4;3;2;3;1;
4;5;4;10;4;1;
5;6;5;12;5;4;
6;7;6;30;7;35;
2;30;2;10;2;1;
3;4;3;2;3;1;
4;5;4;10;4;1;
5;6;5;12;5;4;
6;7;6;30;7;35;
2;30;2;10;2;1;
3;4;3;2;3;1;
4;5;4;10;4;1;
5;6;5;12;5;4;
6;7;6;30;7;35;
2;30;2;10;2;1;
3;4;3;2;3;1;
4;5;4;10;4;1;
5;6;5;12;5;4;
6;7;6;30;7;35;
2;30;2;10;2;1;
3;4;3;2;3;1;
4;5;4;10;4;1;
5;6;5;12;5;4;
6;7;6;30;7;35;
2;30;2;10;2;1;
3;4;3;2;3;1;
4;5;4;10;4;1;
5;6;5;12;5;4;
6;7;6;30;7;35;
2;30;2;10;2;1;
3;4;3;2;3;1;
4;5;4;10;4;1;
5;6;5;12;5;4;
6;7;6;30;7;35;
2;30;2;10;2;1;
3;4;3;2;3;1;
4;5;4;10;4;1;
5;6;5;12;5;4;
6;7;6;30;7;35;
2;30;2;10;2;1;
3;4;3;2;3;1;
4;5;4;10;4;1;
5;6;5;12;5;4;
6;7;6;30;7;35;
2;30;2;10;2;1;
3;4;3;2;3;1;
4;5;4;10;4;1;
5;6;5;12;5;4;
6;7;6;30;7;35;
2;30;2;10;2;1;
3;4;3;2;3;1;
4;5;4;10;4;1;
5;6;5;12;5;4;
6;7;6;30;7;35;
2;30;2;10;2;1;
3;4;3;2;3;1;
4;5;4;10;4;1;
5;6;5;12;5;4;
6;7;6;30;7;35;
2;30;2;10;2;1;
3;4;3;2;3;1;
4;5;4;10;4;1;
5;6;5;12;5;4;
6;7;6;30;7;35;
2;30;2;10;2;1;
3;4;3;2;3;1;
4;5;4;10;4;1;
5;6;5;12;5;4;
6;7;6;30;7;35;
2;30;2;10;2;1;
3;4;3;2;3;1;
4;5;4;10;4;1;
5;6;5;12;5;4;
6;7;6;30;7;35;
2;30;2;10;2;1;
3;4;3;2;3;1;
4;5;4;10;4;1;
5;6;5;12;5;4;
6;7;6;30;7;35;
2;30;2;10;2;1;
3;4;3;2;3;1;
4;5;4;10;4;1;
5;6;5;12;5;4;
6;7;6;30;7;35;
2;30;2;10;2;1;
3;4;3;2;3;1;
4;5;4;10;4;1;
5;6;5;12;5;4;
6;7;6;30;7;35;
2;30;2;10;2;1;
3;4;3;2;3;1;
4;5;4;10;4;1;
5;6;5;12;5;4;
6;7;6;30;7;35;
2;30;2;10;2;1;
3;4;3;2;3;1;
4;5;4;10;4;1;
5;6;5;12;5;4;
6;7;6;30;7;35;
2;30;2;10;2;1;
3;4;3;2;3;1;
4;5;4;10;4;1;
5;6;5;12;5;4;
6;7;6;30;7;35;
2;30;2;10;2;1;
3;4;3;2;3;1;
4;5;4;10;4;1;
5;6;5;12;5;4;
6;7;6;30;7;35;
2;30;2;10;2;1;
3;4;3;2;3;1;
4;5;4;10;4;1;
5;6;5;12;5;4;
6;7;6;30;7;35;
2;30;2;10;2;1;
3;4;3;2;3;1;
4;5;4;10;4;1;
5;6;5;12;5;4;
6;7;6;30;7;35;
2;30;2;10;2;1;
3;4;3;2;3;1;
4;5;4;10;4;1;
5;6;5;12;5;4;
6;7;6;30;7;35;
2;30;2;10;2;1;
3;4;3;2;3;1;
4;5;4;10;4;1;
5;6;5;12;5;4;
6;7;6;30;7;35;
2;30;2;10;2;1;
3;4;3;2;3;1;
4;5;4;10;4;1;
5;6;5;12;5;4;
6;7;6;30;7;35;
2;30;2;10;2;1;
3;4;3;2;3;1;
4;5;4;10;4;1;
5;6;5;12;5;4;
6;7;6;30;7;35;
2;30;2;10;2;1;
3;4;3;2;3;1;
4;5;4;10;4;1;
5;6;5;12;5;4;
6;7;6;30;7;35;
2;30;2;10;2;1;
3;4;3;2;3;1;
4;5;4;10;4;1;
5;6;5;12;5;4;
6;7;6;30;7;35;
2;30;2;10;2;1;
3;4;3;2;3;1;
4;5;4;10;4;1;
5;6;5;12;5;4;
6;7;6;30;7;35;
2;30;2;10;2;1;
3;4;3;2;3;1;
4;5;4;10;4;1;
5;6;5;12;5;4;
6;7;6;30;7;35;
2;30;2;10;2;1;
3;4;3;2;3;1;
4;5;4;10;4;1;
5;6;5;12;5;4;
6;7;6;30;7;35;
2;30;2;10;2;1;
3;4;3;2;3;1;
4;5;4;10;4;1;
5;6;5;12;5;4;
6;7;6;30;7;35;
2;30;2;10;2;1;
3;4;3;2;3;1;
4;5;4;10;4;1;
5;6;5;12;5;4;
6;7;6;30;7;35;
2;30;2;10;2;1;
3;4;3;2;3;1;
4;5;4;10;4;1;
5;6;5;12;5;4;
6;7;6;30;7;35;
2;30;2;10;2;1;
3;4;3;2;3;1;
4;5;4;10;4;1;
5;6;5;12;5;4;
6;7;6;30;7;35;
2;30;2;10;2;1;
3;4;3;2;3;1;
4;5;4;10;4;1;
5;6;5;12;5;4;
6;7;6;30;7;35;
2;30;2;10;2;1;
3;4;3;2;3;1;
4;5;4;10;4;1;
5;6;5;12;5;4;
6;7;6;30;7;35;
2;30;2;10;2;1;
3;4;3;2;3;1;
4;5;4;10;4;1;
5;6;5;12;5;4;
6;7;6;30;7;35;
2;30;2;10;2;1;
3;4;3;2;3;1;
4;5;4;10;4;1;
5;6;5;12;5;4;
6;7;6;30;7;35;
2;30;2;10;2;1;
3;4;3;2;3;1;
4;5;4;10;4;1;
5;6;5;12;5;4;
6;7;6;30;7;35;
2;30;2;10;2;1;
3;4;3;2;3;1;
4;5;4;10;4;1;
5;6;5;12;5;4;
6;7;6;30;7;35;
2;30;2;10;2;1;
3;4;3;2;3;1;
4;5;4;10;4;1;
5;6;5;12;5;4;
6;7;6;30;7;35;
2;30;2;10;2;1;
3;4;3;2;3;1;
4;5;4;10;4;1;
5;6;5;12;5;4;
6;7;6;30;7;35;
2;30;2;10;2;1;
3;4;3;2;3;1;
4;5;4;10;4;1;
5;6;5;12;5;4;
6;7;6;30;7;35;
2;30;2;10;2;1;
3;4;3;2;3;1;
4;5;4;10;4;1;
5;6;5;12;5;4;
6;7;6;30;7;35;
2;30;2;10;2;1;
3;4;3;2;3;1;
4;5;4;10;4;1;
5;6;5;12;5;4;
6;7;6;30;7;35;
2;30;2;10;2;1;
3;4;3;2;3;1;
4;5;4;10;4;1;
5;6;5;12;5;4;
6;7;6;30;7;35;
2;30;2;10;2;1;
3;4;3;2;3;1;
4;5;4;10;4;1;
5;6;5;12;5;4;
6;7;6;30;7;35;
2;30;2;10;2;1;
3;4;3;2;3;1;
4;5;4;10;4;1;
5;6;5;12;5;4;
6;7;6;30;7;35;
2;30;2;10;2;1;
3;4;3;2;3;1;
4;5;4;10;4;1;
5;6;5;12;5;4;
6;7;6;30;7;35;
2;30;2;10;2;1;
3;4;3;2;3;1;
4;5;4;10;4;1;
5;6;5;12;5;4;
6;7;6;30;7;35;
2;30;2;10;2;1;
3;4;3;2;3;1;
4;5;4;10;4;1;
5;6;5;12;5;4;
6;7;6;30;7;35;
2;30;2;10;2;1;
3;4;3;2;3;1;
4;5;4;10;4;1;
5;6;5;12;5;4;
6;7;6;30;7;35;
2;30;2;10;2;1;
3;4;3;2;3;1;
4;5;4;10;4;1;
5;6;5;12;5;4;
6;7;6;30;7;35;
2;30;2;10;2;1;
3;4;3;2;3;1;
4;5;4;10;4;1;
5;6;5;12;5;4;
6;7;6;30;7;35;
2;30;2;10;2;1;
3;4;3;2;3;1;
4;5;4;10;4;1;
5;6;5;12;5;4;
6;7;6;30;7;35;
2;30;2;10;2;1;
3;4;3;2;3;1;
4;5;4;10;4;1;
5;6;5;12;5;4;
6;7;6;30;7;35;
2;30;2;10;2;1;
3;4;3;2;3;1;
4;5;4;10;4;1;
5;6;5;12;5;4;
6;7;6;30;7;35;
2;30;2;10;2;1;
3;4;3;2;3;1;
4;5;4;10;4;1;
5;6;5;12;5;4;
6;7;6;30;7;35;
2;30;2;10;2;1;
3;4;3;2;3;1;
4;5;4;10;4;1;
5;6;5;12;5;4;
6;7;6;30;7;35;
2;30;2;10;2;1;
3;4;3;2;3;1;
4;5;4;10;4;1;
5;6;5;12;5;4;
6;7;6;30;7;35;
2;30;2;10;2;1;
3;4;3;2;3;1;
4;5;4;10;4;1;
5;6;5;12;5;4;
6;7;6;30;7;35;
2;30;2;10;2;1;
3;4;3;2;3;1;
4;5;4;10;4;1;
5;6;5;12;5;4;
6;7;6;30;7;35;
2;30;2;10;2;1;
3;4;3;2;3;1;
4;5;4;10;4;1;
5;6;5;12;5;4;
6;7;6;30;7;35;
2;30;2;10;2;1;
3;4;3;2;3;1;
4;5;4;10;4;1;
5;6;5;12;5;4;
6;7;6;30;7;35;
2;30;2;10;2;1;
3;4;3;2;3;1;
4;5;4;10;4;1;
5;6;5;12;5;4;
6;7;6;30;7;35;
2;30;2;10;2;1;
3;4;3;2;3;1;
4;5;4;10;4;1;
5;6;5;12;5;4;
6;7;6;30;7;35;
2;30;2;10;2;1;
3;4;3;2;3;1;
4;5;4;10;4;1;
5;6;5;12;5;4;
6;7;6;30;7;35;
2;30;2;10;2;1;
3;4;3;2;3;1;
4;5;4;10;4;1;
5;6;5;12;5;4;
6;7;6;30;7;35;
2;30;2;10;2;1;
3;4;3;2;3;1;
4;5;4;10;4;1;
5;6;5;12;5;4;
6;7;6;30;7;35;
2;30;2;10;2;1;
3;4;3;2;3;1;
4;5;4;10;4;1;
5;6;5;12;5;4;
6;7;6;30;7;35;
2;30;2;10;2;1;
3;4;3;2;3;1;
4;5;4;10;4;1;
5;6;5;12;5;4;
6;7;6;30;7;35;
2;30;2;10;2;1;
3;4;3;2;3;1;
4;5;4;10;4;1;
5;6;5;12;5;4;
6;7;6;30;7;35;
2;30;2;10;2;1;
3;4;3;2;3;1;
4;5;4;10;4;1;
5;6;5;12;5;4;
6;7;6;30;7;35;
2;30;2;10;2;1;
3;4;3;2;3;1;
4;5;4;10;4;1;
5;6;5;12;5;4;
6;7;6;30;7;35;
2;30;2;10;2;1;
3;4;3;2;3;1;
4;5;4;10;4;1;
5;6;5;12;5;4;
6;7;6;30;7;35;
